kanji,meaning,kana,example,tags
～か月,period of months,～かげつ,2か月前に日本に来ました。 | I came to Japan 2 months ago.,0
～人 ,counter for people,～にん,彼女は五人の兄がいる。 | She has five older brothers.,adj-f n
～個,counter for small objects,～こ,ハンバーガーを二個注文した。 | I ordered two hamburgers.,adj-i
～冊,counter for bound objects (ex. Books),～さつ,鞄に一冊が入っています。 | There is one book in the bag.,adj-i
～分,minutes (unit of time) | counter for minutes,～ぷん,駅まで１０分かかります。 | It takes 10 minutes to the station.,adj-i
～匹,counter for small animals,～ひき,家に２匹の犬がいる。 | We have two dogs.,adj-i
～台,"counter for large objects (esp. devices such as refrigerators, cars)",～だい,家にテレビが２台ある。 | We have 2 TVs at home.,adj-i
～回,counter for number of times,～かい,先月あの映画を3回見ました。 | I saw that movie 3 times last month.,adj-i
～年,year (unit of time) | counter for years,～ねん,今年は2018年です。 | This year is 2018.,adj-i
～度,counter for number of times,～ど,私は富士山に３度登ったことがある。 | I have climbed Mt. Fuji three times.,adj-i
～日,day of the month | counter for days,～にち,３月１５日で学校は終わりです。 | School will end on March 15.,adj-i
～時,hours (unit of time),～じ,毎日6時に起きます。 | I wake up at 6 'oclock everyday.,adj-i
～時間,period of hours,～じかん,毎日8時間寝ます。 | I sleep for 8 hours everyday.,adj-i
～月,month (unit of time),～がつ,5月5日は子供の日だよ。 | May 5th is Children's Day.,adj-i
～本,counter for cylidrical objects,～ほん,ここに五本の鉛筆がある。 | There are 5 pencils here.,adj-i
～杯,counter for cups (of liquid),～はい,"紅茶2杯をお願いします。 | 2 cups of tea, please.",adj-i
～枚,counter for flat objects (ex. sheets of paper),～まい,チケットは1枚500円です。 | One ticket is 500 yen.,adj-i
～歳,~ years old,～さい,来年二十歳になります。 | I will be twenty next year.,adj-i
～番,number (in a series),～ばん,２番のバスに乗って、京都駅で降りなさい。 | Take the number 2 bus and get off at Kyoto Station.,adj-i
～週間,period of weeks,～しゅうかん,一週間の旅行です。 | It is a one week trip.,adj-i
～階,counter for floors in a building,～かい,英語の教室はあの建物の6階にあります。 | The English classroom is on the 6th floor of that building.,adj-i
あそこ,over there; that place,あそこ,あそこに喫茶店があります。 | There is a coffee shop over there.,adj-i
あちら,that way; over there,あちら,あちらに富士山が見えます。 | You can see Mt. Fuji over there.,adj-i
あっち,that way; over there,あっち,あっちにエレベーターがあるよ。 | There is an elevator over there.,adj-i
あなた,you,あなた,この靴はあなたのですか？ | Are these shoes yours?,adj-i
あの,That over there,あの,あの青い車は私のです。 | That blue car over there is mine.,adj-i
アパート,(abbr) apartment,アパート,東京でアパートを借りています。 | I am renting an apartment in Tokyo.,adj-i
あまり,not very,あまり,この本はあまり面白くないですね。 | This book isn't very interesting it is.,adj-i
ある,to be; to exist,ある,テーブルの上にジュースが3杯あります。 | There are 3 cups of juice on the table.,adj-i
あれ,that thing; something understood without naming it directly,あれ,あれは何ですか？ | What is that?,adj-i
いいえ,no,いいえ, | ,adj-i
いかが,how; how about,いかが,味はいかがですか？ | How does it taste?,adj-i
いくつ,how many? | how old?,いくつ,妹さんはおいくつですか？ | How old is you little sister?,adj-i
いくら,how much?; how many?,いくら,この弁当はいくらですか？ | How much is this bento?,adj-i
いつ,when,いつ,いつまで東京にいますか？ | Until when will you be in Tokyo?,adj-i
いつも,always,いつも,彼女は仕事が多くて、いつも忙しいです。 | She always busy because she has a lot of work.,adj-i
いる,to be (living things); to exist | verb indicating continuing action or state,いる,今彼は寝ている。 | He is sleeping now.,adj-i
ええ,yes; that is correct; right,ええ, | ,adj-i
エレベーター,elevator,エレベーター,エレベーターが故障しています。 | The elevator is out of order.,adj-i
おじいさん,grandfather,おじいさん,おじいさんの世話をする。 | I take care of my grandfather.,adj-i
おばあさん,grandmother,おばあさん,彼のおばあさんは今年90歳です。 | His grandmonther will be 90 this year.,adj-i
お兄さん,older brother,おにいさん,お兄さんは何歳ですか？ | How old is your older brother?,adj-i
お姉さん,elder sister,おねえさん,彼のお姉さんは20歳です。 | His older sister is 20 years old.,adj-i
お手洗い,toilet; restroom,おてあらい,お手洗いはどこですか。 | Where is the bathroom?,adj-i
お母さん,mother,おかあさん,お母さんは料理が上手ですか？ | Is your mother good at cooking.,adj-i
お父さん,father,おとうさん,お父さんは何の仕事をしていますか？ | What kind of work does your father do?,adj-i
お腹,abdomen; stomach,おなか,お腹が空いていますか？ | Are you hungry?,adj-i
お茶,tea (usu. Green),おちゃ,レストランのお茶の方が自動販売機のお茶より美味しいです。 | Tea at the restaurant is more delicous that tea from the vending machine.,adj-i
お菓子,confections; sweets; candy,おかし,デパートの地下にお菓子を売っている店がたくさんあります。 | There are many stores that sell sweets in the basement of the department store.,adj-i
お金,money,おかね,財布にお金が入っています。 | The money is in my wallet.,adj-i
かかる,"to take (a resource, e.g. time or money)",かかる,飛行機で韓国まで何時間かかりますか？ | How many hours does it take until Korea by plane?,adj-i
カメラ,camera,カメラ,私のカメラは黄色い鞄の中にあります。 | My camera is in the yellow bag.,adj-i
カレー,curry,カレー,辛いカレーはあまり好きじゃないです。 | I don't really like spicy curry.,adj-i
カレンダー,calendar,カレンダー,来週の予定をカレンダーに書きました。 | I wrote my plans for next week in the calendar.,adj-i
ギター,guitar,ギター,先週の月曜日にギターを弾きました。 | I played guitar last week Monday.,adj-i
キログラム,kilogram,キログラム,私の体重は60キログラムです。 | My weight is 60 kg.,adj-i
キロメートル,kilometer,キロメートル,ここから川まで3キロメートルくらいです。 | It is about 3 km from here to the river.,adj-i
クラス,class,クラス,僕のクラスの友達だよ。 | She's my classmate.,adj-i
グラム,gram (unit of measure),グラム,"次、ボールに200グラムの水と200グラムの砂糖を入れます。 | Next, put 200g of water and 200g of sugar in the bowl.",adj-i
コート,"coat | court (i.e. tennis, basketball, etc.)",コート,このコートは暖かい。 | This coat is warm.,adj-i
コーヒー,cofee,コーヒー,あの喫茶店に色々なコーヒーがあります。 | There are various kids of coffee at that coffee shop.,adj-i
ここ,here,ここ,ここはあなたの机です。 | This is your desk.,adj-i
こちら,this way; this direction,こちら,"こちらが食堂で、そちらはトイレです。 | This way is the caffeteria, that way is the toilet.",adj-na
こっち,this way; this direction,こっち,"こっちが食堂で、そっちはトイレ。 | This way is the caffeteria, that way is the toilet.",adj-na
コップ,cup; glass,コップ,コップにお茶を入れました。 | I put tea in the glass.,adj-na
この,this (something or someone close to the speaker),この,"この人は同じクラスのトムです。 | This is Tom, from my class.",adj-na
コピー,copy; photocopy,コピー,この10枚のレポートをコピーしてください。 | Please copy this 10 page report.,adj-na
これ,this,これ,これは何ですか？ | What is this?,adj-na
こんな,such ; like this,こんな,パリにこんな美味しいラーメンがあると思わなかった。 | I didn't think there was ramen this delicious in Paris.,adj-na
ご主人,(hon) your husband,ごしゅじん,今日ご主人は休みですか？ | Is your husband off (from work) today?,adj-na
さあ,come along; go on | well; who knows,さあ,"さあ、行こう！ | Well, let's go!",adj-na
しかし,however; but,しかし,"この店が高いです。しかし、製品の質が良いです。 | This store is expensive.  But, the goods are of high quality.",adj-na adj-no adv adv-to n
じゃ、じゃあ,then; well; so; well then,じゃ、じゃあ,"「中華があまり好きじゃない。」「じゃ、タイにしよう。」 | ""I don't really like chinese.""  ""Well then, let's do Italian.""",adj-na adv n
シャツ,shirt; under shirt,シャツ,トムは白いシャツを着た。 | Tom put on a white shirt.,adj-na adv n
シャワー,shower,シャワー,何時にシャワーを浴びますか？ | What time will you take a shower?,adj-na n
スカート,skirt,スカート,白いスカートより黒いのが好きです。 | I like the black skirt better than the white one.,adj-na n
すぐに,immediately; right away,すぐに,すぐに戻ります。 | I'll be right back.,adj-na n
ストーブ,(room) heater; stove,ストーブ,冬に古いストーブで部屋を暖めます。 | I heat my room using an old stove during winter.,adj-na n
スプーン,spoon,スプーン,スプーンでスープを食べる。 | To eat soup with a spoon,adj-na n
スポーツ,sport; sports,スポーツ,"スポーツをやるのが好きですけど、見るのはあまり好きじゃないです。 | I enjoy playing sports, but not really watching them.",adj-na n
ズボン,trousers; pants,ズボン,このズボンがちょっと小さい。 | These pants are a bit small.,adj-na n
スリッパ,slipper; slippers,スリッパ,スリッパを脱いで、風呂に入って。 | Take off your slippers then go into the bath.,adj-na n
する,to do,する,天気が良い日に洗濯をします。 | I will do the laundry on a day with good weather.,adj-na n
セーター,sweater; jumper,セーター,このセーターは暖かい。 | This sweater is warm.,adj-na n
ゼロ,zero,ゼロ,一の前はゼロです。 | Zero comes before one.,adj-no adj-na adv n
そうして,and; like that,そうして,頭が痛かったです。そうして、熱も出ました。 | My head was sore.  Then I had a fever.,adj-no adj-na n n-adv
そうです,that is so; that is right,そうです, | ,adj-no n
そこ,there (place),そこ,そこにいて。 | Stay there.,adj-pn
そして,and; and then; thus,そして,頭が痛かったです。そして、熱も出ました。 | My head was sore.  Then I had a fever.,adj-pn
そちら,that way; that direction,そちら,そちらの天気はどうですか。 | How's the weather there?,adj-pn
そっち,that way; that direction,そっち,そっちの天気は？ | How's the weather there?,adj-pn
その,that (something or someone distant from the speaker but close to the listener),その,どうしてその服がほしいですか？ | Why do you want those clothes?,adj-pn
それ,that,それ,それは私のです。 | That is mine.,adj-pn
それから,and then; after that,それから,それから1週間後彼に会いました。 | I met him 1 week after that.,adj-pn
それでは,well then ... | in that situation,それでは,"「イタリアン料理はあまり好きじゃないです。」「それでは、フランス料理を食べましょう。」 | ""I don't really like Italian food.""  ""Well then, let's eat French.""",adj-pn
たいてい,mostly; ordinarily; usually; generally,たいてい,たいてい遅くまで寝ます。 | I usually sleep late.,adv
タクシー,taxi,タクシー,タクシーに乗りました。 | I rode the taxi.,adv
タバコ,tobacco; cigarette,タバコ,タバコを吸う | To smoke a cigarette,adv
だんだん,more and more; increasingly,だんだん,だんだん暖かくなります。 | It will get warmer and warmer.,adv
ちょうど,exactly; precisely,ちょうど,ちょうど12時半です。 | It is exactly 12:30.,adv
ちょっと,just a little,ちょっと,ちょっといいですか。 | Do you have a minute?,adv
つける,to turn on; to switch on,つける,電気をつける | To turn on the lights,adv
テープ,tape,テープ,このテープはくっつかない。 | This tape doesn't stick.,adv
テーブル,table,テーブル,テーブルの下にあります。 | It is under the table.,adv
テスト,test,テスト,明日はテストがあります。 | We have a test tomorrow.,adv
では,then; well; so; well then,では,"では、試験を始めます。 | So, begin the test.",adv
デパート,(abbr) department store,デパート,デパートの果物が高い。 | Fruits at the department store are expensive.,adv
でも,but; however; though; nevertheless,でも,コーラはあまり好きじゃない。でも、飲む。 | I don't really like cola.  But I will drink it.,adv
テレビ,(abbr) television,テレビ,毎日テレビを見ます。 | I watch TV everyday.,adv
ドア,door,ドア,ドアを閉めましょうか？ | Shall I close the door?,adv
トイレ,(abbr) toilet; restroom; bathroom; lavatory,トイレ,トイレはどこですか？ | Where is the toilet?,adv
どう,how; in what way; how about,どう,どうしましょうか？ | What should we do?,adv adj-no
どうして,why?,どうして,どうしてその服がほしいですか？ | Why do you want those clothes?,adv adv-to
どうぞ,please; kindly | by all means; feel free | here you are,どうぞ,どうぞ、食べてください。 | Please eat.,adv conj pref
どうも,(abbr) thanks,どうも, | ,adv int
どこ,where,どこ,トイレはどこですか？ | Where is the toilet?,adv n
どちら,which one (esp. of two alternatives),どちら,出口はどちらですか。 | Which is the way out?,adv n
どっち,which one (esp. of two alternatives),どっち,どっちの方が美味しいかしら。 | I wonder which one tastes better.,adv n
とても,very,とても,金のペンがとても高いです。 | The gold pen is very expensive.,adv n
どなた,(hon) who?,どなた,どなたですか？ | Who is it?,adv n adj-no
どの,which; what (way),どの,どのくらい泊まりましたか？ | How long did you stay?,cnt
どれ,which (of three or more),どれ,どれが良いですか？ | Which one is good?,cnt
どんな,what; what kind of,どんな,トムはどんな人ですか？ | What kind of person is Tom?,conj
ナイフ,knife,ナイフ,台所にナイフがありますか。 | Is there a knife in the kitchen?,conj
なぜ,why; how,なぜ,なぜ先生になったの？ | Why did you become a teacher?,conj
など,etc.; and the like; and so forth,など,"ロックやブルースなど好きです。 | I like rock, blues, etc.",conj
なる,to become; to get,なる,悲しくなる | To become sad,conj int
ニュース,news,ニュース,今朝のニュースを見ましたか？ | Did you see the news this morning?,conj int
ネクタイ,tie; necktie,ネクタイ,ネクタイは必要ですか。 | Do I need a tie?,conj int
ノート,(abbr) notebook | (to take) notes | notebook PC,ノート,日本語の授業のノートを借りてもいいですか？ | May I borrow you notes form Japanese class?,ctr
パーティー,party,パーティー,今晩パーティーをします。 | We're having a party this evening.,ctr
はい,yes; that is correct | understood; I see; OK; okay | present; here,はい, | ,ctr
バス,bus,バス,バスに乗りますか？ | Will you ride the bus?,ctr
バター,butter,バター,ケーキにバターが必要。 | Butter is necessary for cake.,ctr
パン,bread (por:); pastries (e.g. croissants),パン,毎朝パンを食べますか？ | Do you eat bread every morning?,ctr
ハンカチ,(abbr) handkerchief,ハンカチ,このハンカチはいくらですか。 | How much is this handkerchief?,ctr
フィルム,film,フィルム,フィルムがなくなった。 | My film has run out.,ctr
プール,(swimming) pool,プール,夏にプールでよく泳ぎます。 | I often swim in the pool during summer.,ctr
フォーク,fork,フォーク,フォークをいただけますか？ | Could we have a fork?,ctr
ページ,page,ページ,15ページから始めます。 | I will start from page 15.,ctr
ベッド,bed,ベッド,ベッドに横になっていた。 | He lay on the bed.,ctr
ペット,pet,ペット,ペット飼ったことある？ | Have you ever had a pet?,ctr
ペン,pen,ペン,黒いペンを持っていますか？ | Do you have a black pen?,ctr
ボールペン,ball-point pen,ボールペン,ボールペンで書いてください。 | Please write with a ballpoint pen.,ctr
ポケット,pocket,ポケット,このコートにはポケットがない。 | The coat doesn't have any pockets.,ctr
ポスト,postbox; mail box,ポスト,今朝手紙をポストに入れました。 | I put the letter in the mail box this morning.,ctr
ボタン,button,ボタン,ボタンを押しましたか。 | Did you push the button?,ctr
ホテル,hotel,ホテル,このホテルはあのホテルより良い。 | This hotel is better than that hotel.,ctr
まずい,unappetising; unpleasant | unskillful; awkward,まずい,そのミルクはまずかった。 | The milk tasted bad.,ctr
また,again,また,また会いましょうね。 | Let's meet again.,ctr
まだ,still,まだ,トムがまだ来ていません。 | Tom hasn't come yet.,ctr
まっすぐ,straight ahead | honest; frank,まっすぐ,この道をまっすぐ行きなさい。 | Go straight along this street.,ctr
マッチ,to match with; to go well with | match (tool to light a fire),マッチ,彼はマッチをすった。 | He struck a match.,exp
メートル,meter (unit of measure),メートル,その池は３メートルの深さです。 | That pond is 3 meters deep.,exp
もう,already | soon; shortly,もう,もう食べましたか？ | Did you already eat?,exp
もう一度,once more; again,もういちど,もう一度言ってください。 | Please say it again.,exp
もしもし,hello (e.g. on phone),もしもし, | ,exp
もちろん,of course,もちろん,もちろん、お家に来ていいよ。 | Of course you can come over (to our place).,exp n
もっと,(some) more; longer; further,もっと,もっと安いのはありますか。 | Is there anything cheaper?,exp n
やる,to do,やる,やることはいっぱいあります。 | There are many things to do.,expr adj-na
ゆっくりと,slowly,ゆっくりと,ゆっくり歩いて。 | Please walk slowly.,int
よく,well; skillfully | frequently; often,よく,ラーメンをよく食べますか？ | Do you eat ramen often?,int
ラジオ,radio,ラジオ,ラジオを聞いています。 | I'm listening to the radio.,int
レコード,record (e.g. LP) | record (e.g. in sports),レコード,彼はレコードを買います。 | He will buy a record.,int
レストラン,restaurant,レストラン,あの建物の39階にレストランがあります。 | There is a restaurant on the 39th floor of that building.,int
ワイシャツ,dress shirt (button down shirt),ワイシャツ,デートだからワイシャツを着る。 | I will wear a dress shirt because it is a date.,n
一,one,いち, | ,n
一つ,one (general counter),ひとつ, | ,n
一人,one person,ひとり, | ,n
一日,first day of the month,ついたち,1月一日は正月です。 | January 1st is New Year's Day.,n
一昨年,year before last,おととし,一昨年日本に行きました。 | I went to Japan the year before last.,n
一昨日,day before yesterday,おととい,一昨日成田に着きました。 | I arrived at Narita the day before yesterday.,n
一月,January,いちがつ,一月は雪が降る。 | It snows in January.,n
一番,first | best; most,いちばん,これは東京で一番おいしい寿司です。 | This is the most delicious sushi in Tokyo.,n
一緒,together | at the same time,いっしょ,宿題を一緒にしよう。 | Let's do the homework together.,n
七,seven,しち, | ,n
七つ,seven (general counter),ななつ, | ,n
七日,the seventh day of the month,なのか, | ,n
万,"10,000; ten thousand",まん,"あのアパートは10万円ぐらいです。 | That apartment is about 100,000 yen.",n
丈夫,healthy; robust; solid; durable,じょうぶ,この縄は丈夫だ。 | This rope is sturdy.,n
三,three,さん, | ,n
三つ,three (general counter),みっつ, | ,n
三日,the third day of the month,みっか, | ,n
上,above; up; over | elder (e.g. daughter),うえ,机の上にあります。 | It is on the desk.,n
上げる,"to raise; to elevate | to increase (price, quality, status, etc.)",あげる,"答えが分かる人、手を上げてください。 | People who know the answer, raise your hand.",n
上手,skillful; proficient; good (at),じょうず,料理が上手ですね。 | You are a good cook.,n
上着,coat; tunic; jacket; outer garment,うわぎ,彼女は上着を脱いだ。 | She took off her coat.,n
下,beneath; underneath | younger (e.g. daughter),した,椅子の下にあります。 | It is under the chair.,n
下手,unskillful; poor; awkward,へた,僕は水泳が下手です。 | I'm not good at swimming.,n
両親,both parents,りょうしん,彼女の両親が若いです。 | Her parents are young.,n
並ぶ,to line up; to stand in a line,ならぶ,並んでお待ちください。 | Please wait in line.,n
並べる,to line up; to arrange in a line,ならべる,彼女はＣＤを棚に１列に並べた。 | She put her CDs in a row on the shelf.,n
中,inside; in | center (centre); middle | during; while,なか,教室の中に机と椅子があります。 | There are desks and chairs in the classroom.,n
丸い,round,まるい,ボールは丸い。 | Balls are round.,n
乗る,"to get on (train, plane, bus, ship, etc.); to ride; to board",のる,地下鉄に乗ろう。 | Let's take the subway.,n
九,nine,く、きゅう, | ,n
九つ,nine (general counter),ここのつ, | ,n
九日,the ninth day of the month,ここのか, | ,n
二,two,に, | ,n
二つ,two (general counter),ふたつ, | ,n
二人,two people; pair; couple,ふたり, | ,n
二十日,twentieth day of the month,はつか, | ,n
二十歳,20 years old,はたち, | ,n
二日,second day of the month,ふつか, | ,n
五,five,ご, | ,n
五つ,five (general counter),いつつ, | ,n
五日,the fifth day of the month,いつか, | ,n
交差点,crossing; intersection,こうさてん,交差点で事故があった。 | There was an accident at the intersection.,n
交番,police box; small neighborhood police station,こうばん,交番の周りに人がたくさんいた。 | I saw many people around the police box.,n
人,human being; person,ひと,あの人は誰ですか？ | Who is that person?,n
今,now; immediately,いま,"今忙しんですが、昼御飯を一緒に食べましょう。 | I am busy now, but let's eat lunch together.",n
今年,this year,ことし,私は今年二十歳です。 | I will be twenty this year.,n
今日,today,きょう,今日の朝御飯は味噌汁と魚です。 | Today's breakfast is miso soup and fish.,n
今晩,tonight,こんばん,今晩暇かな？ | Are you free tonight?,n
今月,this month,こんげつ,今月は給料が多かった。 | My salary was high this month.,n
今朝,this morning,けさ,今朝地震があった。 | There was an earthquake this morning.,n
今週,this week,こんしゅう,私は今週はお休みです。 | I am on holiday this week.,n
仕事,work; job; business,しごと,明日お仕事ですか？ | Is tomorrow work?,n
他,"other (place, thing, person)",ほか,他のまくらはないですか？ | Is there any other pillow?,n
休み,rest | vacation; holiday,やすみ,土曜日と日曜日は休みです。 | Saturday and Sunday are holidays.,n
休む,to take a day off | to rest; to have a break,やすむ,金曜日に休みます。 | I will be off on Friday.,n
会う,to meet,あう,また会おうね！ | Let's meet again!,n
会社,company,かいしゃ,会社で働く | To work at a company,n
低い,"low (rank, volumn, etc.) | short (height); low (position)",ひくい,トムの声が低い。 | Tom's voice is low-pitched.,n
住む,to live; to reside; to inhabit,すむ,どこに住んでいますか？ | Where do you live?,n
体,body,からだ,タバコは体に悪い。 | Smoking is not good for you.,n
何,what,なに、なん,この鞄に何が入っていますか？ | What is in this bag?,n
作る,to make; to produce; to manufacture,つくる,晩御飯を作りましょうか。 | Shall I cook dinner?,n
作文,writing; composition,さくぶん,この作文には誤りが少しある。 | There are a few mistakes in this composition.,n
使う,to use,つかう,この傘を使ってもいいですか？ | May I use this umbrella?,n
便利,convenient; handy; useful,べんり,私の家は駅に近いから便利です。 | My house is convenient because it is close to the station.,n
借りる,to borrow; to have a loan | to rent,かりる,東京でアパートを借りています。 | I am renting an apartment in Tokyo.,n
側,beside; proximity; besides,そば,彼女の側に座った。 | I sat beside her.,n
傘,umbrella,かさ,雨の日に傘を持った方がいい。 | It is better to take an umbrella on rainy days.,n
働く,to work; to labor,はたらく,毎週の日曜日に働いています。 | I am working every Sunday.,n
元気,healthy; well; lively,げんき,元気がないですね。 | You don't look so well.,n
兄,(hum) older brother,あに,兄が2歳上です。 | My elder brother is 2 years older than me.,n
兄弟,siblings; brothers and sisters,きょうだい,兄弟はいません。 | I don't have any siblings.,n
先,previous; former | ahead of,さき,先に行ってください。 | Please go ahead (without me).,n
先月,last month,せんげつ,先月引っ越しました。 | I moved (residence) last month.,n
先生,teacher; doctor,せんせい,スミス先生は英語の先生ですか？ | Is Miss Smith an English teacher?,n
先週,last week,せんしゅう,先週買いました。 | I bought it last week.,n
入る,to enter; to go into | to join; to enroll,はいる,部屋に入る | To enter the room,n
入れる,to put in; to insert,いれる,りんごを鞄に入れた。 | I put the apple in the bag.,n
入口,entrance; entry,いりぐち,入口の側で立った。 | He stood by the entrance.,n
全部,all; entire; whole,ぜんぶ,これが全部ですか？ | Is this everything?,n
八,eight,はち, | ,n
八つ,eight (general counter),やっつ, | ,n
八日,the eighth day of the month,ようか, | ,n
八百屋,greengrocer,やおや,八百屋がデパートより安いです。 | The greengrocer is cheaper than the department store.,n
公園,park,こうえん,公園を散歩しています。 | I'm taking a walk in a park.,n
六,six,ろく, | ,n
六つ,six (general counter),むっつ, | ,n
六日,sixth day of the month,むいか, | ,n
再来年,year after next,さらいねん,再来年は東京オリンピックです。 | The Tokyo Olympics is the year after next.,n
写真,photograph; photo; picture,しゃしん,写真を撮ってインスタグラムにアップしようよ。 | Let's take a picture and upload it to instagram.,n
冬,winter,ふゆ,2月は冬の一番寒い月です。 | February is the coldest month in winter.,n
冷たい,cold (to the touch),つめたい,冷たいものは飲みたくない。 | I don't want to drink anything cold.,n
冷蔵庫,refrigerator,れいぞうこ,冷蔵庫に入っているりんごを食べてもいいですか？ | May I eat the apple that is in the refrigerator?,n
出かける,to go out (ex. on an outing); to set out,でかける,午後2時に出かけましょうか？ | Shall we go out at 2 pm?,n
出す,to take out; to get out | to submit (e.g. thesis) | to send (e.g. letter),だす,宿題を出した。 | I submitted my homework.,n
出る,to leave; to exit; to go out;,でる,部屋を午前8時に出た。 | I left my room at 8 am.,n
出口,exit,でぐち,出口はどちらですか。 | Where is the exit?,n
出来る,to be able to do,できる,こんなにうるさい部屋で勉強が出来ないです。 | I can't study in a room as noisy as this.,n
分かる,to understand; to comprehend,わかる,分かっている言葉を勉強しなくていいでしょう。 | You probably don't need to study words you already know.,n
切る,to cut | to turn off (e.g. the light),きる,料理しているときナイフで指を切った。 | I cut my finger with a knife while cooking.,n
切手,stamp (postage),きって,封筒に切手を貼ってください。 | Please put a  stamp on the envelope.,n
切符,ticket,きっぷ,コンサートに行きたいので、切符を買うつもりです。 | I want to go to the concert so I intend to buy a ticket.,n
初めて,for the first time,はじめて,日本は初めてですか？ | Is this your first time in Japan?,n
初めに,first; at the beginning,はじめに,初めにひらがなを覚えたり、簡単な文章を作ったりします。 | At first you will learn hiragana and create simple sentences.,n
前,before; previously | in front (of),まえ,店の前の看板に何時から何時まで開いていると書いてある？ | Does the sign in front of the store say from what time to what time they are open?,n
勉強,study,べんきょう,カタカナを勉強する前にひらがなを習う。 | Study hiragana before learning katakana,n
動物,animal,どうぶつ,ここから一番近い動物園にはたくさんの動物がいますか？ | Are there many animals in the zoo closest to here?,n
勤める,to work (for); to be employed (at),つとめる,父は銀行に勤めています。 | My father works for a bank.,n
北,north,きた,北海道は本州の北にある。 | Hokkaido is to the north of Honshu.,n
医者,doctor,いしゃ,僕は医者になりたいので、大学に行くつもりです。 | I intend to go to the university because I want to become a doctor.,n
十,ten,じゅう, | ,n
十日,the tenth day of the month,とおか, | ,n
千,1000,せん, | ,n
午前,morning; a.m.,ごぜん,毎日の午前9時に仕事のミーティングがあります。 | I have a work meeting everyday at 9 am.,n
午後,afternoon; p.m.,ごご,午後、雨が降るから傘を持って出かけた方がいいよ。 | It will rain in the afternoon so you should take an umbrella with you.,n
半,half; semi-,はん,牛肉を半キロください。 | Please give me half a kilo of beef.,n
半分,half,はんぶん,今日の授業が半分終わりました。 | Today's class is half over.,n
南,south,みなみ,南ターミナルはどこですか？ | Where is the south terminal?,n
危ない,dangerous; risky; hazardous,あぶない,"あそこで遊ぶのが危ないから気を付けて。 | Playing over there is dangerous, so be careful.",n
卵,eggs; egg,たまご,"今日のケーキを作るので、店で卵を買ってから帰ってね。 | I'm going to make cake today, so buy eggs and then come home.",n
厚い,thick; deep,あつい,この豚肉は4cmの厚さです。 | This pork is 4 cm thick.,n
去年,last year,きょねん,彼女は去年結婚した。 | She got married last year.,n
友達,friend; companion,ともだち,今晩、友達と一緒にパーティに行く。 | I will go to a party tonight with my friends.,n
取る,to take; to pick up | to steal,とる,新聞を取って。 | Can you get that newspaper?,n
口,mouth | opening; hole,くち,子供が口を大きく開けて、食べ物を入れました。 | The child opened his mouth wide and put food in.,n
古い,old (not person); aged; stale,ふるい,図書館に古い本がたくさんあります。 | There are many old books at the library.,n
可愛い,cute; adorable; charming,かわいい,可愛い赤ちゃんですね！ | What a cute baby!,n
台所,kitchen,だいどころ,今日料理していないので、台所はまだ綺麗です。 | I haven't cooked today so the kitchen is still clean.,n
右,right; right hand side,みぎ,あの角で右に曲がって。 | Turn right at that corner.,n
同じ,same; identical; equivalent,おなじ,"大きさが同じですが、色は違います。 | The size is the same, but the color is different.",n
名前,name | given name; first name,なまえ,お名前は何ですか | What is your name?,n
向こう,opposite side; other side; opposite direction,むこう,道の向こうにある店の方が安いです。 | The store on the other side of the street is cheaper.,n
吸う,to smoke; to breathe in | to suck,すう,タバコを吸う | To smoke cigarettes,n
吹く,to blow (e.g. wind) | to play a wind instrument,ふく,風が吹いている。 | The wind is blowing.,n
呼ぶ,to call out (to); to call,よぶ,タクシーを呼びましょうか？ | Would you like me to call a taxi?,n
咲く,to bloom,さく,桜が咲いてから花見をしましょう。 | Let's see the flowers after the cherry blossoms bloom.,n
問題,question (e.g. on a test); problem,もんだい,試験の問題が多すぎたから全部出来ませんでした。 | There were too many test problems so I couldn't do them all.,n
喫茶店,coffee shop; cafe,きっさてん,毎日日本語を喫茶店で二時間勉強しています。 | I am studying Japanese at a coffee shop for 2 hours everyday.,n
四,four,よん、し, | ,n
四つ,four (general counter),よっつ, | ,n
四日,fourth day of the month,よっか, | ,n
困る,to be troubled; to be bothered,こまる,仕事がないからお金に困っている。 | I'm not working so I am strapped for money.,n
図書館,library,としょかん,図書館に古い本がたくさんあります。 | There are many old books at the library.,n
国,country; state,くに,他の国に行きますか？ | Will you go to any other countries?,n
土曜日,Saturday,どようび,いつも土曜日に遅くまで寝ます。 | I always sleep late on Saturday.,n
地下鉄,subway,ちかてつ,地下鉄の地図がありますか？ | Do you have a subway map?,n
地図,map,ちず,地下鉄の地図がありますか？ | Do you have a subway map?,n
塩,salt,しお,料理で塩をあまり使わない方が良いですよ。 | It is better not to use too much salt in your cooking.,n
声,voice,こえ,トムの声が大きいから聞きやすいです。 | Tom's voice is loud so he is easily heard.,n
売る,to sell,うる,電池も売っていますか。 | Do you also sell batteries?,n
夏,summer,なつ,夏にビーチに来る人が多くなる。 | During summer the number of people that come to the beach becomes big.,n
夏休み,summer vacation,なつやすみ,夏休みに旅行に行きたいです。 | I want to go on a trip during summer vacation.,n
夕方,evening; dusk,ゆうがた,夕方の便はありますか？ | Is there a flight in the evening?,n
夕飯,evening meal,ゆうめし、ゆうはん,夕飯の時間ですよ。 | It's time for dinner.,n
外,outside; exterior,そと,外へ出たい。 | I want to go outside.,n
外国,foreign country,がいこく,外国へ行ったことがありますか？ | Have you been abroad?,n
外国人,foreigner; foreign citizen,がいこくじん,外国人は面白いですね。 | Foreign people are interesting.,n
多い,many; a lot | large quantity,おおい,"花見する人が多いので行くのは嫌だね。 | Many people will be going to see the cheery blossoms, so I don't want to.",n
多分,perhaps; probably,たぶん,"あまり勉強しなかったので、多分落ちると思う。 | I didn't study very much, so I think I'll fail.",n
夜,evening; night,よる,夜になる前に帰ってね。 | Come home before it becomes night.,n
大きい,big; large,おおきい,子供が大きくなったね。 | Your child's gotten big.,n
大きな,big; large,おおきな,大きな看板があります。 | There's a big sign.,n
大丈夫,safe; all right; alright; OK,だいじょうぶ,ピザでも大丈夫ですか？ | Is pizza OK?,n
大人,adult,おとな,大人になったら何になりたい？ | What do you want to be when you grow up?,n
大使館,embassy,たいしかん,東京の英国大使館 | The British embassy in Tokyo,n
大切,important; necessary,たいせつ,友達より大切なものはない。 | Nothing is more important than your friends are.,n
大勢,many people,おおぜい,日本には友達が大勢いますか。 | Do you have many friends here in Japan?,n
大変,very; terribly | difficult; hard,たいへん,この大きい本をクラスまで持って行くのは大変だった。 | I had a hard time carrying this big book to class.,n
大好き,loveable; like very much,だいすき,ラーメンが大好きです。 | I love ramen.,n
大学,university; college,だいがく,大学で日本語を専攻しました。 | I majored in Japanese at the university.,n
天気,weather,てんき,今日のお天気はまあまあ。 | The weather today is so-so.,n
太い,fat; thick | deep (of a voice),ふとい,このロープが太いから丈夫だと思います。 | I think this rope is strong because it is thick.,n
奥さん,(hon) wife; your wife,おくさん,奥さんはお元気ですか？ | How is the wife?,n
女,female; woman,おんな,女の兄弟がいますか？ | Do you have any sisters?,n
女の子,girl; young woman,おんなのこ,男の子ですか女の子ですか？ | Is it a boy or a girl?,n
好き,like; likable,すき,醤油ラーメンが好きです。 | I like shoyu-based ramen.,n
妹,(hum) younger sister,いもうと,妹が学校で日本語を勉強しています。 | My younger sister is studying Japanese in shool.,n
姉,(hum) older sister,あね,姉が東京で働いています。 | My older sister is working in Tokyo.,n
始まる,to begin; to start,はじまる,日本語の勉強を始めした。 | I started Japanese studies.,n
嫌,disagreeable; detestable; unpleasant,いや,とても蒸し暑いので、一番嫌な天気は夏の雨です。 | The worst weather is rain during summer because it is very muggy.,n
嫌い,dislike; hate,きらい,納豆が嫌い。 | I dislike natto.,n
子供,child; children,こども,来月子供が生まれます。 | We are going to have a baby next month.,n
字引き,dictionary,じびき,あの言葉を字引きで調べた方が良いです。 | You should look up that word in the dictionary.,n
学校,school,がっこう,学校は好きじゃない。 | I don't like school.,n
学生,student,がくせい,彼女は大学の学生だ。 | She is a university student.,n
安い,cheap; inexpensive,やすい,このスーパーで野菜は安いです。 | Vegetables at this grocery store are cheap.,n
家,house; residence; dwelling,いえ、うち,家にはいない。 | He's not at home.,n
家庭,household; family,かてい,トムの奥さんとお子さんが優しくて、温かい家庭です。 | Tom's wife and children are kind so he has a warm (loving) household.,n
家族,family; members of a family,かぞく,この家族は何人家族ですか。 | How many people are there in this family?,n
宿題,homework; assignment,しゅくだい,宿題がたくさんあります。 | I have lots of homework.,n
寒い,cold (e.g. weather),さむい,冬は寒いです。 | Winter is cold.,n
寝る,to lie down | to go to bed; to sleep,ねる,昨日8時間に寝ました。 | I slept for 8 hours yesterday.,n
封筒,envelope,ふうとう,手紙を封筒に入れました。 | I put the letter in an envelope.,n
小さい,small; little; tiny,ちいさい,小さすぎる。 | It's too small.,n
小さな,small; little; tiny,ちいさな,家には小さな庭があります。 | We have a small garden at home.,n
少し,small quantity; little; few,すこし,駅まで時間が少しかかります。 | It will take a little bit of time until the station.,n
少ない,few; a little,すくない,ピンクのスーツケースは少ない。 | There are few pink suitcases.,n
履く,to put on (or wear),はく,靴を履いて。 | Put on your shoes.,n
山,mountain; hill,やま,来年の夏に富士山に登る。 | Next summer I will climb Mt Fuji.,n
左,left; left hand side,ひだり,左に曲がって。 | Turn left.,n
差す,"to hold up (an umbrella, etc.); to put up; to raise",さす,他人を指で差すのは失礼なことです。 | It's not polite to point at others.,n
帰る,to return; to come home,かえる,授業が終わったら帰ります。 | I will go home after class is done.,n
帽子,hat,ぼうし,帽子を被る | To wear a hat,n
平仮名,hiragana,ひらがな, | ,n
年,year,とし,あっという間にこの年になった。 | I became this age before I knew it.,n
広い,spacious; wide,ひろい,妹の部屋より私の部屋の方が広いです。 | My room is wider than my little sister's.,n
店,store; shop,みせ,あの店はハンバーガーの店です。 | That shop is a hamburger shop.,n
座る,to sit; to squat,すわる,自分の席に座りなさい！ | Sit in your chair!,n
庭,garden; yard,にわ,家の前に小さい庭があります。 | There is a small garden in front of my house.,n
廊下,corridor; hallway,ろうか,廊下で走らないで。 | Don't run in the hallway.,n
建物,building,たてもの,あの建物の39階にレストランがあります。 | There is a restaurant on the 39th floor of that building.,n
弁当,bento; Japanese box lunch,べんとう,これは母が作った弁当です。 | This is the bento my mother made.,n
引く,to pull,ひく,綱を引く | To pull on a rope,n
弟,(hum) younger brother,おとうと,数学を弟に教えた。 | I taught by little brother math.,n
弱い,weak; frail,よわい,火を弱くして。 | Please turn the flame down low.,n
強い,strong; powerful,つよい,風が強くなった。 | The wind grew stronger.,n
弾く,to play (string instrument),ひく,彼はギターを弾いて、彼女はピアノを弾いた。 | He played the guitar and she played the piano.,n
待つ,to wait,まつ,廊下で待ってください。 | Please wait in the hall.,n
後,behind | after; later | more (e.g. five more minutes),あと,後でやります。 | I'll do it later.,n
後ろ,back; behind; rear,うしろ,彼の後ろにいる。 | I'm behind him.,n
御飯,cooked rice | meal,ごはん,おいしい晩御飯、ありがとうございました。 | Thank you for the wonderful dinner.,n
忘れる,to forget,わすれる,傘を忘れないでください。 | Don't forget your umbrella.,n
忙しい,busy; occupied,いそがしい,母は料理で忙しい。 | My mother is busy cooking.,n
悪い,bad; poor; inferior | evil; sinful,わるい,このワインは悪くない。 | This wine isn't bad.,n
意味,meaning,いみ,この単語の意味は何ですか。 | What does this word mean?,n
戸,door,と,戸を閉めて。 | Shut the door.,n
所,place; spot,ところ,タバコが売っている所がありますか？ | Is there somewhere that sells cigarettes?,n
手,hand; arm,て,コップを右の手で上げてください。 | Please lift the cup with your right hand.,n
手紙,letter,てがみ,手紙を書きました。 | I wrote a letter.,n
押す,to push; to press,おす,危ないから押さないで！ | Don't push because it is dangerous.,n
持つ,to hold | to possess; to have,もつ,赤い看板を持っている男の人 | The man who is holding the red sign.,n
掃除,cleaning,そうじ,部屋を掃除してください。 | Please clean the room.,n
授業,lesson; class work,じゅぎょう,明日授業があります。 | I have class tomorrow.,n
掛ける,to make a call (e.g. phone); to put on (e.g. glasses),かける,電話を掛ける | To make a phone call,n
撮る,"to take (a photo) | to record (video, audio, etc.)",とる,写真を撮ってくれますか？ | Would you take a picture?,n
教える,to teach; to instruct,おしえる,数学を弟に教えた。 | I taught by little brother math.,n
教室,classroom,きょうしつ,子供達はこの教室を掃除しました。 | The children cleaned this classroom.,n
散歩,walk; stroll,さんぽ,東京駅に近い公園で散歩しましょうか？ | Shall we take a walk at the park near Tokyo Station?,n
文章,writing; composition | sentence,ぶんしょう,この文章は長くて難しいです。 | This sentence is long and hard.,n
料理,cooking; cuisine,りょうり,毎日料理しますか？ | Do you cook everyday?,n
新しい,new,あたらしい,新しいパソコンがほしいです。 | I want a new computer.,n
新聞,newspaper,しんぶん,日本語の新聞がありますか？ | Do you have Japanese newspapers?,n
方,(hon) person,かた,あの方は誰ですか？ | Who is that person?,n
旅行,trip,りょこう,旅行の準備はできていますか？ | Are you ready for the trip?,n
日曜日,Sunday,にちようび,日曜日でも働きます。 | I work even on Sunday.,n
早い,early; fast; quick,はやい,明日早く起きます。 | I will wake up early tomorrow.,n
明るい,bright; colourful,あかるい,電球を変えたからこの部屋が明るくなった。 | This room has become bright because I changed the light bulb.,n
明日,tomorrow,あした,明日早く起きます。 | I will wake up early tomorrow.,n
易しい,easy; plain; simple,やさしい,その本は易しい。 | The book is easy.,n
映画,movie; film,えいが,映画は良かったですか？ | Was the movie good?,n
映画館,movie theatre,えいがかん,近くに映画館はありますか？ | Are there any movie theaters near here?,n
春,spring,はる,春になると外で遊びましょう。 | Let's play outside when it becomes spring.,n
昨夜,last night,ゆうべ,昨夜は大雨だった。 | There was a heavy rain last night.,n
昨日,yesterday,きのう,昨日は木曜日だった。 | Yesterday was Thursday.,n
昼,noon,ひる,夏になると昼に出かけたくない。 | I don't want to go out at noon during summer.,n
昼御飯,lunch,ひるごはん,昼御飯はいつも弁当です。 | My lunch is always a bento.,n
時々,sometimes,ときどき,時々映画を見に行きます。 | I sometimes go to see a movie.,n
時計,watch; clock,とけい,私の時計はあなたの時計より高くないです。 | My watch is less expensive than yours.,n
時間,time,じかん,時間がありますか。 | Do you have some time?,n
晩,evening,ばん,明日の晩までにまた連絡します。 | I'll contact you again by tomorrow evening.,n
晩御飯,dinner,ばんごはん,母は晩御飯の支度で忙しいです。 | Mother is busy cooking the dinner.,n
晴れ,clear weather; fine weather,はれ,今日は晴れだから散歩しましょう。 | Let's take a walk because it's clear today.,n
晴れる,to clear up; to be sunny,はれる,明日までに晴れる。 | It will clear up by tomorrow.,n adj-no
暇,spare time; free time,ひま,今晩暇かな？ | Are you free tonight?,n adj-no
暑い,"hot (weather, etc.); warm",あつい,"今年の夏は暑いですね。 | This summer is hot, isn't it.",n adj-no
暖かい,warm; mild; genial,あたたかい,5月は暖かいから好きです。 | I like May because it is warm.,n adj-no
暗い,dark; gloomy,くらい,橋の下は暗かった。 | It was dark under the bridge.,n adj-no
曇り,cloudiness; cloudy weather,くもり,明日は曇りになるでしょう。 | It will be cloudy tomorrow.,n adj-no
曇る,to get cloudy; to become overcast,くもる,"さっきは晴れだったけど、曇ってきた。 | It was clear just a little while ago, but has become cloudy.",n adj-no
曲る,to turn; to bend,まがる,父が生まれた家はすぐ角を曲ったところにある。 | The house where my father was born is just around the corner.,n adj-no
書く,to write,かく,この文章を書いたら、宿題が終わります。 | My homework will be finished after I write this sentence.,n adj-no
月曜日,Monday,げつようび,仕事は月曜日からです。 | I have work from Monday.,n adj-no
有名,famous,ゆうめい,あの番組でいつも有名な俳優が出ている。 | Famour actors are always appearing on that program.,n adj-no
服,clothes,ふく,服を着ましたか？ | Have you finished dressing?,n adj-no
朝,morning,あさ,毎日の朝は早く起きます。 | I wake up early every morning.,n adj-no
朝御飯,breakfast,あさごはん,今日の朝御飯は味噌汁と魚です。 | Today's breakfast is miso soup and fish.,n adj-no
木,tree,き,その机は木です。 | That desk is wood.,n adj-no
木曜日,Thursday,もくようび,木曜日に映画に行きませんか？ | Would you like to go to a movie on Thursday?,n adj-no
本,book | counter for long cylindrical things,ほん,白ワインを5本買いました。 | I bought 5 bottles of white wine.,n adj-no
本当,truth; reality; actuality,ほんとう,本当にパーティーに行かないですか？ | You really will not go to the party?,n adj-no
本棚,bookshelvese,ほんだな,本棚に英和辞典がありますか？ | Is there an English-Japanese dictionary on the bookshelf?,n adj-no
机,desk,つくえ,その机は木です。 | That desk is wood.,n adj-no
村,village,むら,この村では、私の村より物が安い。 | The things in this village are cheaper than our village.,n adj-no
来る,to come; to approach,くる,明日の12時頃この教室に来てください。 | Please come to this classroom about 12 'oclock tomorrow.,n adj-no
来年,next year,らいねん,来年また会いましょう。 | Let's meet again next year.,n adj-no
来月,next month,らいげつ,来月子供が生まれます。 | We are going to have a child next month.,n adj-no
来週,next week,らいしゅう,来週にテストがあります。 | I have a test next week.,n adj-no
東,east,ひがし,風は東から吹いている。 | The wind is blowing from the east.,n adj-no
果物,fruit,くだもの,子供は果物が好きです。 | My child likes fruits.,n adj-no
椅子,chair,いす,猫は椅子の上にいますか、椅子の下にいますか？ | Is the cat on the chair or under the chair?,n adj-no
楽しい,enjoyable; fun,たのしい,パーティは楽しかった。 | The party was fun.,n adj-no
横,horizontal (as opposed to vertical); lying down,よこ,ベッドに横になっていた。 | He lay on the bed.,n adj-no adj-na
橋,bridge,はし,この橋は世界中で一番長い橋だ。 | This is the longest bridge in the world.,n adj-no n-adv
次,next; following,つぎ,上野駅は次の次です。 | Ueno is the station after next.,n adj-no n-adv
欲しい,wanted; desired,ほしい,クリスマスに黒い鞄が欲しいよ。 | I want a black bag for Christmas.,n adj-no n-adv
歌,song,うた,あの歌を歌いたい！ | I want to sing that song.,n adj-no n-adv n-suf
歌う,to sing | to recite a poem,うたう,あの歌を歌いたいです！ | I want to sing that song.,n adj-no n-suf pref
止まる,to stop,とまる,涙が止まりません。 | The tears won't stop.,n adj-no vs
歩く,to walk,あるく,速く歩いたら、駅まで5分かかります。 | If you walk quickly it is 5 minutes to the station.,n adj-no vs
歯,tooth,は,歯を磨きましたか？ | Did you brush your teeth?,n ctr
死ぬ,to die; to pass away,しぬ,部屋が暗いので花が死んでいます。 | The room is dark so the flowers are dead.,n ctr
母,(hum) mother,はは,母は毎日うちにいます。 | Mother stays at home every day.,n ctr
毎年,every year; annually,まいとし,毎年のクリスマスに弟の家族と一緒にご飯を食べます。 | I eat a meal with my younger brother's family every Christmas.,n n-pref
毎日,every day,まいにち,母は毎日うちにいます。 | Mother stays at home every day.,n n-pref
毎晩,every night,まいばん,毎晩12時までに寝ます。 | I sleep by 12 every night.,n n-pref
毎月,every month,まいつき,この雑誌は毎月出る。 | This magazine is issued every month.,n n-suf
毎朝,every morning,まいあさ,毎朝ジョギングをしています。 | I go jogging every morning.,n n-suf
毎週,every week,まいしゅう,毎週日曜日に教会に行きます。 | I go to church every Sunday.,n n-suf
水,"water (esp. cool water, e.g. drinking water)",みず,水が飲みたい。 | I want to drink water.,n suf
水曜日,Wednesday,すいようび,水曜日の夜のテレビ番組は面白いと思います。 | I think that Wednesday evening TV programs are interesting.,n suf ctr
汚い,dirty; unclean | disordered; messy,きたない,シャツが汚いから洗濯して。 | That shirt is dirty so wash it.,n vs
池,pond,いけ,池に魚がいます。 | There are fish in the pond.,n vs
沢山,a lot; many; a large number,たくさん,することが沢山ある。 | We have a lot to do.,n vs
泣く,to cry; to weep,なく,とても悲しかったから昨日いっぱい泣きました。 | I cried a lot yesterday because I was very sad.,n vs
泳ぐ,to swim,およぐ,これから毎週二回以上プールで泳ぐつもりです。 | I intend to swim at least twice a week at the pool from now on.,n vs
洋服,Western-style clothes,ようふく,とてもお似合いの洋服ですね。 | Those clothes suit you well.,n vs
洗う,to wash; to cleanse,あらう,皿が汚いので洗います。 | I'll clean the dishes because they're dirty.,n vs
洗濯,washing; laundry,せんたく,シャツが汚いから洗濯して。 | That shirt is dirty so wash it.,n vs
浴びる,to take a shower,あびる,運動の後にシャワーを浴びます。 | I will take a shower after working out.,n vs
海,sea; ocean,うみ,海で泳ぎますか？ | Will you swim in the ocean?,n vs
消える,to go out; to disappear,きえる,火が消えた。 | The fire went out.,n vs
消す,to erase; to delete | to turn off power,けす,帰る前に電気を消してください。 | Please turn off the lights before you go home.,n vs
涼しい,cool; refreshing,すずしい,木陰は涼しかった。 | It was cool in the shade of the trees.,n vs
渡す,to hand over; to transfer,わたす,塩を渡してもらえませんか。 | Would you pass the salt?,n vs
渡る,to cross over,わたる,道を渡ろう。 | Let's cross the street.,n vs
温い,lukewarm; tepid,ぬるい,温いコーヒーが美味しくない。 | Lukewarm coffee is not delicious.,n vs adj-no
漢字,Chinese characters; kanji,かんじ,漢字を読むのが難しい。 | Kanji are difficult to read.,n vs adj-no
火曜日,Tuesday,かようび,来週の火曜日までに手紙を出してね。 | Be sure to mail the letter by next week Tuesday.,n vs adj-no
灰皿,ashtray,はいざら,テーブルに灰皿がないです。 | There is no ashtray at the table.,n-adv
無くす,to lose something,なくす,財布を無くした！ | I lost my wallet!,n-adv
煩い,noisy; loud,うるさい,煩くて眠れないです。 | We can't sleep because of the noise.,n-adv n
熱い,"hot (thing) | passionate (feelings, etc.); ardent",あつい,このコーヒーが熱いから気を付けてください。 | Please be careful because this coffee is hot.,n-adv n
父,(hum) father,ちち,今日父が休みだから家にいるよ。 | My father is off from work today so he's at home.,n-adv n
片仮名,katakana,かたかな,カタカナがひらがなより難しいと思います。 | I think that katakana is more difficult than hiragana.,n-adv n adj-no
牛乳,(cow's) milk,ぎゅうにゅう,牛乳がないので店に行きましょうか？ | There's no milk so shall we go to the store?,n-adv n-t
牛肉,beef,ぎゅうにく,この牛肉は柔らかい。 | This beef is tender.,n-adv n-t
物,thing; object | possessions; property,もの,これは私の物ではない。 | These aren't mine.,n-adv n-t
犬,dog,いぬ,この犬より大きな犬はいません。 | There are no dogs bigger than this one.,n-adv n-t
狭い,narrow,せまい,東京にはたくさんの狭い道があります。 | There are many narrows roads in Tokyo.,n-adv n-t
猫,cat,ねこ,彼女の猫が白です。 | Her cat is white.,n-adv n-t
玄関,entranceway; front door,げんかん,玄関の鍵を閉めてください。 | Please lock the front door.,n-adv n-t
甘い,sweet; sugary,あまい,桃は甘い。 | Peaches are sweet.,n-adv n-t
生まれる,to be born,うまれる,赤ちゃんがいつ生まれますか？ | When will your baby be born?,n-adv n-t
生徒,student,せいと,来年に高校の生徒になります。 | I will become a highschool student next year.,n-adv n-t
男,man; male,おとこ,ジョンのお子さんは男です。 | John's child is a male.,n-adv n-t
男の子,boy,おとこのこ,男の子は静かにしていた。 | The boy kept quiet.,n-adv n-t
町,town,まち,なんてキレイな町なんだ！ | What a beautiful town!,n-adv n-t
留学生,exchange student,りゅうがくせい,留学生もサークルに入れますか？ | Can foreign students be in the club?,n-adv n-t
番号,number,ばんごう,私の部屋番号は505です。 | My room number is 505.,n-adv n-t
疲れる,to get tired; to tire | to be worn out,つかれる,昨日の夜遅くまで働いたので、今日疲れています。 | I'm tired today because I worked until late last night.,n-adv n-t
病気,illness; disease,びょうき,病気なので、今日学校を休んで病院に行きます。 | Because I am sick I will take a break from school and go to the hospital today.,n-adv n-t
病院,hospital,びょういん,病気なので、今日学校を休んで病院に行きます。 | Because I am sick I will take a break from school and go to the hospital today.,n-adv n-t
痛い,painful; sore,いたい,頭が痛いとき薬を飲む。 | I take medicine when my head hurts.,n-adv n-t
登る,to ascend; to climb,のぼる,去年富士山に登りました。 | I climed Mt. Fuji last year.,n-adv n-t
白,white,しろ,白ワインを5本買いました。 | I bought 5 bottles of white wine.,n-adv n-t
白い,white,しろい,トムは白いシャツを着た。 | Tom put on a white shirt.,n-adv n-t
百,100,ひゃく,コンビニで買ったら百円だよ。 | It is 100 yen if you buy it at the convenience store.,n-adv n-t
皆,all; everyone,みんな、みな,皆は楽しかった。 | Everybody had a good time.,n-adv n-t
皆さん,all; everyone,みなさん,皆さんはお元気ですか？ | How is everyone?,n-adv n-t
皿,plate; dish,さら,汚いからこの皿を洗う。 | I will wash this plate because it is dirty.,n-adv n-t
目,eye; eyeball,め,目が痛いです。 | My eyes are sore.,n-adv n-t
眼鏡,spectacles; glasses,めがね,彼は眼鏡を外した。 | He took off his glasses.,n-adv n-t
着く,to arrive at; to reach,つく,一昨日成田に着きました。 | I arrived at Narita the day before yesterday.,n-adv n-t
着る,to wear; to put on,きる,デートでワイシャツを着る。 | I will wear a dress shirt on the date.,n-adv n-t
知る,to know,しる,この歌知っていますか？ | Do you know this song.,n-adv n-t
短い,short,みじかい,これは短すぎます。 | This is too short.,n-adv n-t
石けん,soap,せっけん,石けんで手を洗いなさい。 | Wash your hands with soap.,n-adv n-t
砂糖,sugar,さとう,"次、ボールに200グラムの水と200グラムの砂糖を入れます。 | Next, put 200g of water and 200g of sugar in the bowl.",n-adv n-t
磨く,to polish,みがく,もう歯を磨いた。 | I brushed my teeth already.,n-adv n-t
私,I; me,わたし,それは私のです。 | That is mine.,n-adv n-t
秋,autumn; fall,あき,葉は秋に黄色くなる。 | Leaves turn yellow in the fall.,n-adv n-t adj-no
空,sky,そら,空は青い。 | The sky is blue.,n-adv pn
窓,window,まど,暑いから窓を開けて。 | It's hot so open the window.,n-t
立つ,to stand; to rise,たつ,"立って下さい。 | Stand up, please.",n-t
立派,splendid; fine,りっぱ,"ジョンは優しくて立派な紳士です。 | John is a kind, fine gentleman.",n-t
答える,to answer; to reply,こたえる,数学が得意ではないから質問を答えなかった。 | I'm not good at math so I didn't answer the question.,n-t
箱,box; case; chest,はこ,箱を開けて。 | Open the box.,n-t
箸,chopsticks,はし,お箸の使い方が分かりません。 | I don't know how to use chopsticks.,num
紅茶,black tea,こうちゃ,紅茶を一杯飲みたい。 | I want to drink a cup of tea.,num
紙,paper,かみ,ノート忘れたから紙が一枚ほしい。 | I forgot my notebook so I want a piece of paper.,num
細い,thin; slender,ほそい,彼女は細いです。 | She is slender.,num
終わる,to end; to finish,おわる,この質問を答えたら宿題が終わります。 | My homework will be finished after I answer this question.,num
結婚,marriage,けっこん,ジョンは去年結婚しました。 | John got married last year.,num
結構,no thank you | quite; fairly,けっこう,水だけで結構です。 | I am fine with just water.,num
絵,picture; drawing; painting,え,絵を描くことは趣味です。 | Painting is my hobby.,num
綺麗,pretty; beautiful | clean; clear,きれい,掃除したから部屋が綺麗だよ。 | This room is clean because I cleaned it.,num
緑,green,みどり,彼は緑が一番好きだ。 | He likes green the best.,num
締める,to tie; to tighten,しめる,シートベルトをお締めください。 | Please fasten your seat belt.,num
練習,practice,れんしゅう,来週に試合があるので今週一所懸命に練習します。 | I have a game next week so I will practice hard this week.,num
縦,the vertical; height,たて,このカーペットの大きさは縦１２０センチ横１６０センチです。 | The size of the carpet is 120 by 160 centimeters.,num
置く,to put; to place,おく,荷物をベッドの隣に置いて。 | Put your luggage next to the bed.,pn
美味しい,delicious; tasty,おいしい,とても美味しいですよ。 | It's really good.,pn
習う,to learn,ならう,授業でひらがなもカタカナも習う。 | We will learn both hiragana and katakana in class.,pn adj-no
耳,ear,みみ,コンサートがうるさすぎたから耳が痛い。 | My ears hurt because the concert was loud.,pn adj-no
聞く,to hear; to listen | to ask,きく,あの外国人に出身を聞きましょう。 | Let's that foreigner where they are from.,pn adj-no
肉,flesh | meat,にく,この肉は腐っている。 | This meat is spoiled.,pn adj-no
背,height,せい,父の方が僕より背が高いです。 | My father is taller than me.,pn adj-no
脱ぐ,"to take off (clothes, shoes, etc.); to undress",ぬぐ,コートを脱ぎますか？ | Will you take off your coat?,pn adj-no
自分,myself; oneself,じぶん,娘がもう20歳になったので、自分で車を買うと言った。 | My daughter said she would buy the car herself because she is already 20 years old.,pn adj-no
自動車,automobile,じどうしゃ,自動車を運転して仕事に行く。 | I drive my car and go to work.,pn adj-no
自転車,bicycle,じてんしゃ,自転車に乗って学校に来ます。 | I ride my bike and come to school.,pn adj-no
良い,good,いい、よい,試験に受かって良かったですね。 | It was good that you passed the test.,pn adj-no
色,color,いろ,好きな色は何色ですか？ | What's your favorite color?,pn adj-no
色々,various,いろいろ,あの喫茶店に色々なコーヒーがあります。 | There are various kinds of coffee at that coffee shop.,pn adj-no
花,flower,はな,母の日に母に花をあげるつもりです。 | I intend to give flowers to my mother on Mother's Day.,pn adj-no
花瓶,(flower) vase,かびん,花を赤い花瓶に入れてください。 | Please put the flowers in the red vase.,pn adj-no
若い,young; youthful,わかい,若いから何でもすぐ習ってくるよね。 | You learn anything quickly because you're young.,pn adj-no
英語,English,えいご,英語が話せますか？ | Can you speak English?,pn adj-no
茶わん,rice bowl,ちゃわん,もうちょっと食べたいからご飯を茶わんに入れてもいいですか？ | I want to eat a little more so may I put rice in my rice bowl?,pn adj-no
茶色,brown,ちゃいろ,彼女の目が茶色です。 | Her eyes are brown.,prt
荷物,luggage; package,にもつ,荷物が3つあります。 | I have three pieces of baggage.,v1 vi
葉書,postcard,はがき,ポストに葉書を入れました。 | I put the postcard in the mailbox.,v1 vi
薄い,"thin | weak (taste, etc.)",うすい,この薄い本は私のです。 | This thin book is mine.,v1 vi
薬,medicine; pharmaceuticals,くすり,アレルギーの薬を飲んだ。 | I took allergy medicine.,v1 vi
行く,to go; to head (towards),いく,何時に学校に行くの？ | What time will you go to school?,v1 vi
被る,to wear (on one's head),かぶる,彼女は帽子を被っていた。 | She was wearing a hat.,v1 vi
西,west,にし,日は西に沈む。 | The sun sets in the west.,v1 vi
要る,to be needed; to be wanted,いる,道が分からないので、地図が要ります。 | I need a map because I don't know the way.,v1 vi
見せる,to show; to display,みせる,レポートを印刷する前に見せてね。 | Show me the report before you print it.,v1 vi
見る,to see; to look,みる,映画を見てからショッピングしよう。 | Let's go shopping after we see the movie.,v1 vi
覚える,to memorize; to remember,おぼえる,皆の名前をまだ全部覚えていません。 | I still do not remember everyone's names.,v1 vi
角,corner,かど,彼はその角を曲がった。 | He turned that corner.,v1 vi
言う,to say; to utter,いう,誰にも言わないで。 | Don't tell anyone.,v1 vt
言葉,word; phrase,ことば,難しい言葉です。 | It is a difficult word.,v1 vt
つまらない,dull; uninteresting; boring,つまらない,このビデオはつまらないよ。 | This video is boring.,v1 vt
話,story; conversation,はなし,知らない人とお金の話をしない。 | Do no talk to strangers about money.,v1 vt
話す,to talk; to speak; to converse,はなす,あの人と話したことないです。 | I have never spoken with that person.,v1 vt
誕生日,birthday,たんじょうび,誕生日はいつですか。 | When is your birthday?,v1 vt
読む,to read,よむ,去年本を50冊以上読みました。 | I read over 50 books last year.,v1 vt
誰,who,だれ,あの人は誰ですか？ | Who is that person?,v1 vt
誰か,someone,だれか,誰かがエアコンをつけた。 | Someone turned on the air conditioner.,v1 vt
警官,police officer,けいかん,ジョンは警官になった。 | John became a policeman.,v1 vt
豚肉,pork,ぶたにく,このデパートで豚肉が高いです。 | The pork at this department store is expensive.,v1 vt
財布,purse; wallet,さいふ,財布をなくした。 | I lost my wallet.,v1 vt
買い物,shopping; purchased goods,かいもの,毎朝買い物をします。 | I go shopping every morning.,v1 vt
買う,to buy,かう,果物をデパートで買いました。 | I bought fruits at the department store.,v1 vt
貸す,to lend,かす,お金を貸してください。 | Please lend me some money.,v1 vt
貼る,to stick; to paste,はる,その封筒に切手を貼りましたか？ | Did you put a stamp on the envelope?,v1 vt
賑やか,bustling; lively,にぎやか,賑やかなパーティーでした。 | It was a lively party.,v1 vt
質問,question; inquiry,しつもん,先生に質問を聞きました。 | I asked the teacher a question.,v1 vt
赤,red; crimson; scarlet,あか,信号は赤です。 | The traffic light is red.,v5b vi
赤い,red,あかい,彼女は赤くなった。 | She turned red (blushed).,v5b vi
走る,to run,はしる,木曜日に20キロを走りました。 | I ran 20 kilometers on Thursday.,v5b vi
起きる,to get up; to wake up,おきる,起きろ！ | Get up.,v5b vt
足,foot | leg,あし,あなたの足より私の足が小さいです。 | My feet are smaller than your feet.,v5g vi
車,car; automobile,くるま,車で病院に行きました。 | I went to the hospital by car.,v5g vt
軽い,light (i.e. not heavy),かるい,この椅子は軽い。 | This chair is light.,v5k
辛い,spicy; hot | salty,からい,このチリソースが辛い。 | This chili sauce is spicy.,v5k vi
辞書,dictionary,じしょ,この辞書はあの辞書と同じくらい役に立つ。 | This dictionary is about as useful as that one.,v5k vi
辺,area; vicinity,へん,その辺にホチキスがありますか？ | Is there a stapler around there?,v5k vi
近い,near; close,ちかい,近いうちにまたお会いしましょう。 | Let's meet again soon.,v5k vi
近く,near,ちかく,近くに病院がある。 | There is a hospital nearby.,v5k vi
返す,to return (something),かえす,明日までに本を返さなければならない。 | I must return the book by tomorrow.,v5k vi
速い,fast; quick,はやい,ジョンはいつも食べるのは速いです。 | John always eats quickly.,v5k vi vt
遅い,"slow | late (e.g. ""late at night"")",おそい,遅くなります。 | I'll be late.,v5k vt
遊ぶ,to play; to have a good time,あそぶ,彼は公園で遊びました。 | He played at the park.,v5k vt
道,road; street,みち,道を渡ろう。 | Let's cross the street.,v5k vt
違う,to differ (from),ちがう,"大きさが同じですが、色は違います。 | The size is the same, but the color is different.",v5k vt
遠い,far; distant,とおい,駅はここから遠い。 | The station is far from here.,v5k vt
部屋,room,へや,後で部屋を片づけます。 | I'll clean the room up later.,v5k vt
郵便局,post office,ゆうびんきょく,郵便局は図書館の隣にある。 | The post office is next to the library.,v5k vt vi
酒,alcohol; sake,さけ,昨日酒を飲み過ぎました。 | I drank too much alcohol yesterday.,v5k-s vi
醤油,soy sauce; shoyu,しょうゆ,醤油をかけて、食べた。 | I put shoyu on it and ate it.,v5m vi
重い,heavy; weighty,おもい,この本は重い。 | This book is heavy.,v5m vi
野菜,vegetable,やさい,家の子供は野菜が嫌いです。 | Our child doesn't like vegetables,v5m vt
金曜日,Friday,きんようび,"やっと金曜日だ。 | Finally, it's Friday.",v5m vt
鉛筆,pencil,えんぴつ,鉛筆を持っていますか？ | Do you have a pencil.,v5m vt
銀行,bank,ぎんこう,祝日に銀行があいていません。 | The bank is not open on holidays.,v5n vn vi
鍵,key | lock,かぎ,部屋に鍵を忘れました。 | I left the key in my room.,v5r vi
長い,long (distance or time),ながい,トムが長い髪の男の子だよ。 | Tom is the boy with long hair.,v5r vi
門,gate,もん,門を閉める時間だ。 | It is time to shut the gate.,v5r vi
閉まる,to be shut; to close,しまる,このデパートは今日閉まっている。 | This department store is closed today.,v5r vi
閉める,to close; to shut,しめる,窓を閉めて。 | Close the window.,v5r vi
開く,to open (e.g. doors),あく,ドアが開いています。 | The door is open.,v5r vi
開ける,"to open (a door, etc.); to unwrap; to unlock",あける,窓を開けないでください。 | Please do not open the window.,v5r vi
降りる,to descend (e.g. a mountain) | to get off; to dismount,おりる,ここでバスを降ります。 | I'll get off the bus here.,v5r vi
降る,to precipitate; to fall (e.g. rain),ふる,今日雨が降りますか？ | Will it rain today?,v5r vi
階段,stairs; staircase,かいだん,階段を上がる。 | Go up the stairs.,v5r vi
隣,neighbor; next to (esp. living next door to),となり,隣の部屋がうるさいです。 | It's noisy next door.,v5r vi
雑誌,journal; magazine; periodical,ざっし,この雑誌を読みたいですか？ | Do you want to read this magazine?,v5r vi
難しい,difficult; hard; troublesome,むずかしい,宿題が難しい。 | The homework is difficult.,v5r vi
雨,rain,あめ,雨が降っています。 | It is raining.,v5r vi
雪,snow,ゆき,雪が降っています。 | It is snowing.,v5r vi
零,zero; nought,れい,昨日の夜零度以下に下がった。 | The temperature fell below zero last night.,v5r vi
電気,electricity | (electric) light,でんき,電気をつける | To turn on the lights,v5r vi
電気ストーブ,electric heater,でんきストーブ,彼女は部屋に新しい電気ストーブを取り付けた。 | She installed a new electric stove in the room.,v5r vi
電話,phone call | telephone (device),でんわ,携帯電話から電話しています。 | I'm calling from a cell phone.,v5r vi aux-v
電車,train,でんしゃ,電車に乗りました。 | I took the train.,v5r vt
青,blue; green,あお,信号が青になった。 | The traffic signal turned green.,v5r vt
青い,blue; green,あおい,空は青い。 | The sky is blue.,v5r vt
静か,quiet; silent,しずか,静かにしなさい！ | Be quite!,v5r vt
面白い,interesting; fascinating,おもしろい,それは面白い話ですね。 | That's an interesting story.,v5r vt
靴,shoes; footwear,くつ,靴を履いて。 | Put on your shoes.,v5r vt
靴下,socks,くつした,トムは靴下を脱いだ。 | Tom took his socks off.,v5r vt
鞄,bag; briefcase,かばん,これは私の鞄ではない。 | This isn't my bag.,v5r vt
音楽,music,おんがく,夜に音楽を聴きます。 | I listen to music at night.,v5r vt
頭,head,あたま,頭が痛い。 | My head hurts.,v5r-i vi
頼む,to request,たのむ,田中さんにあのタスクを頼みました。 | I asked Mr. Tanaka to do that task.,v5s vt
顔,face | look; expression,かお,あなたの顔が赤いですよ。 | Your face is red.,v5s vt
風,wind; breeze,かぜ,風が強くなりました。 | The wind became strong.,v5s vt
風呂,bath; bathhouse,ふろ,風呂に入ったか？ | Did you take a bath?,v5s vt
風邪,common cold,かぜ,風邪をひきました。 | I caught a cold.,v5s vt
飛ぶ,to fly | to jump,とぶ,飛ぶ魚もいる。 | Some fish fly.,v5s vt
飛行機,airplane,ひこうき,飛行機は無事に着陸した。 | The airplane landed safely.,v5s vt
食べる,to eat,たべる,映画館でポップコーンを食べました。 | I ate popcorn at the theatre.,v5s vt
食べ物,food,たべもの,冷蔵庫に食べ物がありません。 | There is no food in the refrigerator.,v5s vt
食堂,cafeteria,しょくどう,食堂はあいていますか。 | Is the cafeteria open now?,v5t
飲み物,drink; beverage,のみもの,飲み物はいかかですか？ | Would you like something to drink?,v5t vi
飲む,to drink; to swallow; to take (medicine),のむ,また酒を飲んだのか？ | You drank alcohol again? ,v5t vt vi
飴,(hard) candy; toffee,あめ,飴がほしい。 | I want some candy.,v5u
駅,station,えき,駅まで走った。 | I ran to the station.,v5u vi
高い,high; tall | expensive,たかい,高い木を登らないで。 | Don't climb the tall tree.,v5u vi
魚,fish,さかな,大きい魚は小さい魚を食べます。 | The big fish eat the small ones.,v5u vt
鳥,bird,とり,それは鳥ですか？ | Is that a bird?,v5u vt
鳴く,to chirp; to bark,なく,鳥は鳴いています。 | Birds are singing.,v5u vt
鶏肉,chicken meat,とりにく,僕は鶏肉が好きです。 | I like chicken.,v5u vt
黄色,yellow,きいろ,バナナは黄色です。 | Bananas are yellow.,v5u vt
黄色い,yellow,きいろい,黄色いバラがあります。 | There is a yellow rose.,v5u vt vi
黒,black,くろ,黒がよくお似合いですね。 | Black looks good on you.,vk vi
黒い,black,くろい,あの黒いのは私のです。 | That black one is mine.,vs
鼻,nose,はな,鼻が詰まっています。 | My nose is stuffed up.,vs-i
